title	age_gender	question	date	answer	answer2	answer3	answer4
kan ikke mere	Pige   12 		09-Feb-16	Æv hvor er det synd for dig. Mine forældre blev skilt for lidt over 2 år siden. Det var også bare så hårdt. Jeg fik heldigvis fortalt dem hvordan jeg havde det. Det hjælp for så passede de ligesom lidt på mig. Så snak med dine forældre	"Hej pige på tolv år :)

Jeg er selv femten år, og mine forældre blev også skilt, da jeg var elleve (lige på grænsen til tolv år. Min mor blev forelsket, i en af mine forældres venner, og skred herefter fra min far. Jeg har aldrig brudt mig om manden, som hun blev forelsket i.

Jeg havde det ligesom dig - ville være der for begge mine forældre, følte et vis ansvar for at hjælpe dem begge - mest min far, som det hele var gået ud over. Et halvt år efter, kom jeg på hospitalet med stress-symptomer pga. af skilsmissen. Det har på ingen måde været let for mig, og jeg mistede mange venner, fordi jeg trak mig tilbage.

Men som tiden går, bliver man bedre og bedre, for man kan ikke blive ved med at fokusere på det negative. Det tog mig et halvandet år at komme over den skilsmisse, og stadig er det træls at bo på skift og at have glemt nogle hos den ene forælder. Men dine forældre bliver gladere igen og det samme gør du."	"Hej piger på 12 år.

jeg kan rigtigt godt forstå at du er ked af det, mine forældre er ikke skidt men forstår dig stadig godt og ved næsten hvordan du føler lige nu.

jeg syntes du skal snakke med begge dine forældre og så fortælle dem hvordan du har det og du går og er meget ked af det, det ville nok hjælpe dig, for forældre kan ikke lide når deres børn er kede af det.

eller har du nogen om dig som du stoler meget på kan du snakke med dem om det, ellers hvis du har en voksen person eller en som er ældre end dig at snakke med kan du spørge ham/hende om de vil hjælpe dig med snakke dine forældre hvis du ikke kan lide at snakke med dem alene.

håber det kan hjælpe dig lidt. og at du får det løst."	"Hej 12-årige pige.

Det er fuldt forståeligt, at skilsmissen og ""konkurrencen"" om dig gør dig så ked af det. Det er hårdt. Der ikke ikke godt for nogen. Det gør kun skade, og det synes jeg, at du skal sige til dine forældre. Dine forældre vil også forstå, hvor hårdt det sorger dig. Fortæl dem, hvordan du har det med alt det her, og at du SLET IKKE  kan lide den ""konkurrence"" om dig, der er kommet om mellem dem. Du vil være der lige meget for dem begge to, ikk'? Få snakket ud om det. Så vil de nok gøre alt, hvad de kan for at undgå at gøre dig ked af det.

Hvis du er for nervøs til at tale med dem om det, kan du vise dem dit brev om hjælp og alle svarene herinde. Eller du kan starte med at tale med en person, du stoler på om det. Det kunne være en ven, en veninde, et familiemedlem, en lærer, en psykolog, eller en helt anden person.

Hel og lykke."
Hvorfor far?	Pige   10 	"Cirka 2 år siden, blev mine forældre skilt, det havde jeg noget imod. Siden da er min far blevet sur på min mor et par gange, og givet hende skylden."	27-Apr-17	"jeg har haft samme problem jeg sagde til dem at det simpelthen ikke var ok at jeg som barn SKULLE HØRE om det.

Så mit råd ville være at sige det til dem, de ville nok forstå det og måske hvis du er heldig ville din FAR sige unskyld"	Jeg synes du skal snakke med din mor og far og sige til dem at du er bare et barn og de skal til at blive voksne	Jeg har stået i den samme sitiuation men det hjalp at snakke med dem om det jeg var også bange da jeg skulle snakke med mine forældre om det men det hjalp og det håber jeg også for dig	Snak med dem  og  fortæl din far  at det gør dig og din mor ked af det
Jeg bor ikke sammen med min mor.	Pige   13 	Jeg er en pige på 13. Mine forældre blev skilt sidste år da min mor havde mødt en anden.	05-Sep-16	"Hej søde.. kender det godt min mor og far er også skilt og når jeg er hos min far føler jeg mig også meget ensom, men har du prøvet at snakke med det med din mor? Om du måske kunne være en uge hos hver eller om du måske kun kunne være hos din far i hver anden weekend.. håber du finder ud af hvad du skal gøre.. <3"	Hej. Jeg syntes du burde tag en alvorlig snak med din far om at du gerne fx vil værre sammen med din mor i ferien	"Halløj kender det godt jeg boet hos min far i 8 år med min storesøster, men nogle gange vil jeg også hjem til min mor men det kan jeg ikke fordi hun er alkoholiker, og er irreterende når hun er fuld, men mit råd til dig er at prøv at spørge om du må fx være hos din mor hver anden weekend eller sådan noget det gjorde jeg engang og det hjalp"	"Hej

hvis du måske har hendes nummer eller noget kunne du jo ringe og spørge hende om hjælp☺️

Du kan også spørge hende om du kan tage tåget eller andre transporter hen til hende og så være der i en uge eller mere☺️"
flytte hjem til min far	Pige   10 	jeg er en pige på 10 år.	17-Jan-18	"Hej

Jeg synes du skal prøve at tage en snak med din far om det. Han vil sikkert gerne hjælpe og høre hvorfor. Og du skal ikke være bange for at sige det til din mor. Hun vil sikkert gerne høre hvad hun kan gøre anderledes"	"Hej:)

Jeg vil nok foreslå at fortælle din far det? Du kan fortælle ham at du ikke turde at fortælle det til din mor og spørge ham om at sige det til din mor så hun ikke bliver sur på dig."	"Hej

Mine forældre er os skilt, og har faktisk været det siden jeg var en måned ( er 14 år nu)

Men har os haft det, at jeg ikke vil bo hos min mor på et tidspunkt og omvendt - men har nu meget omvendt, at jeg ikke vil se min far, men vil hellere ikke såre ham."	hej jeg er en pige på 15 og kender det godt sådan var det også med mig men jeg kan så ikke bo hos mine forældre jeg boer nemlig i plejefamilie/bedsteforældre men men mor og far har også været meget sur på hinanden hvor jeg sagde de skulle stoppe og de gjorde men hun blev ved med og skifte kæreste og hver gang jeg havde vendt mig til ham var de ikke kærester mere og gjorde mig ked af det men i dag har jeg sådan en dejlig bonusfar
Fars nye kæreste	Pige   15 	"Mine forældre har været skilt i 7 år nu. Min far har haft en kæreste i 5 år og hun har to børn, på 15 og 17 år. Jeg er hos min mor 9 dage og hos min far 5 dage.

Mit problem er at når jeg er hjemme hos min far føler jeg mig ikke hjemme, jeg føler jeg er gæst i mit eget hjem..."	02-Feb-17	Spørger din far om han vil lave noget med dig fx gå en tur og snakke om hvordan du har det.	"Hej.

Det er virkelig surt at føle sig som en gæst i eget hjem. Noget af afstanden mellem dig og din far skyldes nok at du tilbringer mere tid med din mor, og derfor står hende nærmere. Hvis du kan lide din fars selvskab og elsker ham som en far, synes jeg at du bør prøve at komme lidt tættere på ham. En far elsker selvfølgelig sit barn, men jeg forstår godt dine følelser da jeg selv er et delebarn på din alder. Hvad med at snakke mere med ham? Spørge ind til hans liv og måske fortælle noget om dit?"	"Hej.

Jeg har selv prøvet det, og mit råd er at du måske kan komme derned nogle af de dag de to andre børn ikke er der (hvis de skal hjem til deres far eller noget). Men ellers kan du også spørge ham om i kunne tage ud og spise på et tidspunkt eller bare tag på en lille tur selv.

Og hvis det ikke virker, så konfronter ham og sig det du føler, det er jo ikke meningen at du skal føle dig som en gæst i dit eget hus."	"Hej pige på 15,"
Hårdt at gå forbi det gamle hus!!!	Pige   11 	"Mine forældre blev skilt for et par måneder siden ( d.1 nov 2016). Jeg har her for tiden synes det har været virkelig svært at gå forbi det gamle hus som vi allesammen boede i inden de blev skilt fordi dem der bor der nu har lavet det fuldstændigt om altså malet det, nye vinduer i, nyt tag og de har næsten ødelagt hele haven!"	02 Juni 2016	Jeg synes du skal prøve at lave et af dine nye huse/lejligheder om så de næsten ligner det gamle hus ???❤️	Hej jeg synes at du skal snakke med en voksen om det og når du gårforbi huset så prøv at tænk på de gode minder dig og din bror har haft ?	"Det er hårdt at se ens gamle hjem. Tårnene kan som sagt blive blanke eller løbe i vand, men jeg syntes at når du nærmere dig huset trække vejret dybt ned i lungerne og sige til dig selv at der er det jeg engang har boet i. Prøv at tænke på minderne og til sidst bliver det rare at gå forbi. Det hjalp ihvertfald på mig.?"	"Hej. Jeg havde det på samme måde, da mine forældre blev skilt. Det kan være rigtig hårdt, og der er en masse minder fra ens gamle hus. Mit bedste råd er, at prøve at skabe en masse nye og goder minder, de nye steder du bor. Selvom det aldrig bliver det samme som før, kan det sagtens være lige så godt, bare på en lidt anden måde. Og prøve at snakke med sine forældre, og især søskende om det, da de går igennem det samme som en selv. Det hjalp mig rigtig meget.

Held og lykke :)"
Mors mange kærester	Pige   16 	"Mine forældre er blevet skilt for 3 år siden,"	21-Jan-18	synes at du skal prøve at snakke med din mor først om det med at hun hele tiden finder en ny kæreste og så bage efter med ham for der er jo heller ikke fedt for dig at du hele tiden skal lærer en ny at kende	"Kære pige på 16. Jeg syntes det er meget syndt for dig at du står i denne situation.. Jeg ville tage en snak med min mor, og sige at hun måske lige skulle slappe lidt af.. Og det skal på ingen måde lyde sådan.. Men du for din mor til at virke lidt som en player.. Så sig det til hende, og at det er ekstremt ubehageligt, ig at du ikke har lyst til at miste ham, ligesom de andre, og at du gerne vil ""holde af ham"" ig at han ikke skal ""forsvinde"".. Hilsen pigen der er 13 i næste måned.. Ligegyldig info.. Hahhahahah!!"	"hej, jeg syntes du skulle gøre det.

Det er for det første ikke retfærdigt at han ikke ved hvad sanheden, og for det andet, så slemt kan det ikke gå"	"Hej pige på 16 år, jeg er dreng på 16 år. Mine forældre blev skilt da jeg var baby, og ja min mor har også haft et par kærester igennem årene. Jeg synes du skal prøve at indlede samtalen med din mor ved at høre om hun er okay. Hun savner måske din far, og det er jo også svært for hende at blive skilt. Hun prøver nok at finde den kærlighed hun havde med din far i andre mænd, og hun er måske ved at blive gammel og føler ikke hun hat tid til at spilde tiden. Snak med hende før du snakker med den nuværende kæreste, og hør hvordan hun har det. Man får jo ikke så mange kærester så hurtigt hvis ikke man er ked af det eller der er noget galt."
Min fars kæreste fylder for meget i mit liv?	Pige   12 	Mine forældre er skilt og min fars kæreste er hele tiden på besøg. Jeg føler ikke at jeg kan få lov til at være mig selv når hun er der.	15-Nov-17	Vis jeg var dig havde jeg nok sagt det til min far at hans kæreste fylder for meget i mit liv	snak med din far!	"Hej.

Jeg ville nok snakke med din far om at du ikke har det godt med hans nye kæreste.

Måske kunne du også snakke med din mor om det?

Det med at der er en anden der skal sove i din seng ville jeg ikke finde mig i det er jo ens sted at slappe af.

Så snak med dine forældre om det"	du kan 100% være bekendt at sige det til din far. Dey lyder som om at han er for meget sammen med sin kæreste og nogle gange tænker for meget på hinde end på jer. det lyder overhoved ikke sjovt og overhoved ikke særligt fedt. jeg syntes ikke at nogle voksne skal have sex når der er børn tilstede SELVOM at børnene er inde i et andet rum i huset/leglihed SELVOM at det er nat. jeg har prøvet det samme tussind gange det der med at jeg kan høre min mor og far have sex og det er ikke rart! jeg har også prvet at boste dem i det. men ikke mere om mig hvorfor taler jeg overhoved om mig. nå men det er sådan nogle ting hvor jeg syntes at voksne ikke har nogle form for raspekt for børnene som har lov til at være børn og som ikke skal høre dem have sex. der går grænsen. men du skal nok tale med en voksen du stoler på. som måske kanm sige det vidre til dine forældre. eller du kan skrive et brev til din far.for så slipper du for den der akavede situation.
Problemer med far og mor	Pige   12 	"Min mor bor i Faxe

Og min far bor i Kastrup"	01-Jan-18	"Hej pige på 12 år.

Du kan fortælle din far at du hellere vil bo hos din mor fordi at du har brug for hende imens du går igennem puperteten.

Men hvis du er bange for at sige det til din far, så kan du jo tage en snak med din mor når du ser hende i weekendenerne, og fortælle hende at du hellere vil bo hos hende, men du er bange for at fortælle det til din far - så er jeg sikker på at din mor nok skal tage sig af det."	"Hej pige på 12 år

Jeg forstår godt at du ikke ville gøre din far ked af det, men jeg tror altså at han ville forstå dig. Hvis du helst ville bo hos din mor er det, det du skal sige. Du kan jo gøre din mor lige så ked af det som din far. Tror han ville forstå det.

Håber du kan bruge det."	"hej pige.

Det eneste du kan gøre er, at snakke om det. hvis du ikke tør sige det til dine forældre, så kan du altid sige det til en skolelærer. :)"	"Du skal snakke med begge dine forældre om det, og prøve at se om i kan finde en bedre ordning, måske en ugeskift, et barn har brug for BEGGE dets forældre og det må de forstå. Hvis du ikke vil have en ugeskift, men kun vil bo hos din mor, skal du bare fortælle det til din far, når forældre indgår skilsmisse, ved det at det er risikoen ikke at se sit barn så tit.

Håber mit svar kunne hjælpe"
Familie	Pige   14 	"Har prøvet at tale med far om det, men kunne ikke. Følger mig dum, og en kæmpe idiot på grund af det."	20-Feb-16	"Jeg forstår godt din bekymring for din familie, men nogen gange er man også nød til at tænke langt. Tænke på de gode og dårlige ting der kan ske, ved at sige det og ikke sige det. Hvis din far finder ud af det med din mor, kunne jeg godt forestille mig han ville blive meget såret, og nok også blive ret vred. Det ville de fleste. Jeg synes du skal prøve at tale med din mor omkring det, hvis du ikke allerede har gjort det. Tal om dine bekymringer med hende, om hvad der kan ske, og at du måske synes hun skal fortælle det til din far. Fordi det er ikke dejligt at gå med den hemmelighed længe, fordi det kan komme til at gnave ret meget. Tal med din mor omkring det, også se hvad hun siger. Held og lykke."	"Hej.

Hm. Du har hverken skrevet dit køn eller din alder. Men okay, så.

Jeg er meget ked af, at der er det problem i din familie. Og der er fuld forståelse for, hvorfor du har det, som du har det. For det meste er det bedst lige at stoppe op og tænker over, hvad der mon er bedst at gøre i forskellige situationer og overveje konsekvenserne ved at gøre nogle forskellige ting i de situationer. Det virker som om, at du har tænkt meget over din mors forhold udenfor ægteskabet med din far. Men du virker også lidt i tvivl om, hvad du skal gøre for at få det bedste resultat. Er det rigtigt forstået? Jeg tror, at det bedste du kan gøre nu er at tale med din mor om problemet, selv hvis du allerede har gjordt det. Ved din mor godt selv at det er forkert? Måske er hun selv ligeså forvirret og fortvivlet som dig, men det skal jeg ikke kunne sige noget om. Jeg tror, at det ville hjælpe at tale meget med din mor om det og gøre hende opmærksom på problemet, hvis hun ikke allerede er det.

Jeg synes også, at det er super sødt af dig, at du tænker så meget på din lillebror. Det er han sikkert også taknemmelig for. Du lyder som en meget god storsøster/storebror.

Jeg håber, at I finder en god udvej. MANGE gange hel og lykke."	Hej:-)	null
Det føles så mærkeligt!	Pige   14 	"Hans kone har været en stor del af mit liv i de 11 år, og det er helt vildt mærkeligt lige pludselig ikke at skulle se hende igen."	22-Sep-15	"Hej pige??

Sig det lige ud som det er til din far efter han sådan er kommet lidt over skilsmissen

at de måske kunne aftale nogle dage hvor du kunne være sammen med hende og dine brødre.

Det kan godt være lidt svært men du er sikkert en super venlig, sød, modig ,og sej pige?

jeg håber det vil gå godt for dig?❤?????

KH. A.c.i.r"	"Synes du skal snakke med din far, om han er okay med hvis du stadig ser hende og hendes familie, og laver aftaler med hende :) For selvom de er blevet skilt, betyder det ikke at dit bånd med hende bare bliver ""smidt ud"".

Synes dog du skal respektere, hvis din far gerne ville have at du venter lidt med at se hende, hvis han stadig er lidt såret/ked af det, over det. Men så skal du bare vente lidt;)

Håber du kan bruge det! :))

(Har selv stået i en situation lidt á lá din)"	"Kære ""du"",

Jeg kan virkelig godt sætte mig ind i det du gennemgår lige nu. Jeg har selv lige været igennem noget der minder lidt om det du er i. Det er rigtig flot af dig at skrive her ind, og jeg er mere end glad for at jeg har mulighed for at hjælpe dig. ?

I dit brev skriver du at dine to brødre skal bo hos din fars kæreste, er det dine ""rigtige"" brødre eller er det papbrødre? Jeg er 100% sikker på at du ikke kommer til at miste kontakten til din ""papmor"" og dine to brødre. Det ville din far og din papmor aldrig lade ske. Du har jo kendt hende i næsten hele dit liv! ?

Jeg syntes ikke at du behøver at være så bange/bekymret over hvad der kommer til at ske. Og jeg ved godt at mange nok siger det her men alligevel, ""det skal nok gå!!!"" Og det mener jeg. Selvom du boede i den anden ende af verdenen ville din papmor aldrig miste dig!

Du kan eventuelt snakke med hende og din far og fortælle hvordan du har det. ? det hjælper tit bedre at få det sagt?

Jeg håber virkelig at det her brev hjalp dig lidt på rette spor? og jeg ønsker dig al mulig held og lykke i fremtiden.

Kærligst: mig ☺️"	"Hej ""forvirret pige""

I denne mærkelige situation syntes jeg at du skal blive ved med at holde kontakten med hende og blive ved med at se hende og sådan altså på den måde du beskriver det må jeg vel tro lidt at du ville komme til at savne hende. Tal lidt med din far om at du ville kommer til at savne hende og spørg hvorfor de egentlig skulle skilles? Husk altid at have hjertet med dig ik"
Den nedrern stedmor	Pige   12 	"Mine forældre er skilt. Og det er egentlig fint. Men min far har en kæreste der ikke kan lide mig, og siger dårlige ting om mig, og min mor."	23-Sep-17	"hej pige på 12.

Jeg står i samme situation.

Min far har en kæreste og hende kan jeg bestemt ikke lide, men jeg snakkede faktisk med min mor om det, og hun sagde at jeg skulle sige det til ham hvad jeg følte. Det synes jeg også at du skal gøre, fordi at din far elsker jo dig mere end noget andet, så han vil jo nok ikke ligefrem slå op med hende, men måske vil han tage en snak om det, så du kan være oppe ved din far uden at være træt af at kæresten er der:)"	"Hej.

Det er virkelig dårlig stil af din fars kæreste at tale dårligt om dig og din mor. Det er ikke acceptabelt, og derfor synes jeg, at du skal tage en snak med din far og/eller mor om det.

For at svare på dit spørgsmål: Du kan tage hjem til din far, når hans kæreste ikke er der, og ellers spørge ham om han har lyst til at lave noget, hvor det kun er dig og ham, der er sammen. Det er så naturligt et behov, at du ikke behøver at nævne dit forhold til hans kæreste over for ham, hvis du ikke vil det.

Hel & lykke. :-)"	Hej hvis du tør så sig det til din far at hun siger grimme ting om dig og din mor	"Hej, mine forældre er også skilt, og min mor har en kæreste,. Men mit råd til dig er at du måske kan spørge din far om du måske nogle gange kan lave nået selv med ham, og hvis du turde så skal du også sige til din far at hans kæreste siger grimme ting til dig."
Far har ikke tid kun til sin nye famile	Dreng   10 	Han er gift med en ny kone og hun har 2 mindre børn som er ret irriterende. Far vil kun lave noget ALLE sammen selvom jeg og min søster siger vi savner ene-tid med ham.	06-Jan-17	"Mine forældre er også skilt men dog har vi deleordning som lyder 7/7. Jeg kan godt forstå du savner din far meget, det er vigtig at få alene-tid med sine forældre. Få ham til at indse at han også savner dig, lav små gaver som et kort hvor du invitere ham ud på cafe KUN DIG OG HAM (og måske din søster) Og han kan ikke sige nej til en gave, og det behøver ikke koste dig så mange penge. Eller pluk nogle blomster (ved godt det ikke er sæson) eller gør noget andet sødt for ham, så han får øjne op for dig."	Sig det til din far har haft samme problem men din far ved det ikke derfor et det vigtig du siger at fu føler dig overset eller han ikke har tid til dig	null	null
hjælp jeg har ikke nogen af snakke med	Pige   10 	mine forældre er skilt min far har en kæreste og de har et barn sammen	26 Marts 2017	Jeg syntes at du skal snakke med din mor om at du gerne vil være lidt mere hjemme hos din far	Det har jeg også prøvet før og det er ikke sjovt	Hej  pige.  det er  synd for dig  At du ikke kan  være hjemme hos din far ????	Du skal ikke været ked af det du bruger BørneTelefonen.dk ????????❤
Forældre skilt	Pige   12 	Jeg syndes hun har ændret sig MEGET. Her på det sidste nu hvor min far og hende er flyttet sammen. Før var hun sød og kærlig. Det er hun også nu men bare ikke på samme måde.	31 maj 2017	"da min far og papmor flyttede sammen var det som om hun troede hun var min mor nu. så sakkede jeg med min mor og min søster, mig og min søster sagde det så sammen til hende. jeg ved godt det kan være MEGA svært at sige det men det kan være hun ikke ved det hun gør forkert og så må du sige det til hende, og jeg tror ikke hun bliver sur på dig hvis du siger det til hende"	Mine forældre er også skilt og min pap Farvel er ikke min pap far for mig jeg suger altid min mors kæreste vi skulle flYtte fra mit hus hvor jeg næsten var nabo men min befinder og så sagde min mor vi skulle flytte sammen med ham men snak med din far eller mor og hvis det bliver for meget så gå et andet sted hen	"Jeg syntes at du skal tage en snak med dine forældre, om at du vil bo hjemme ved din mor. Det hjælper tit at snakke med forældrene. Og du kan jo altid spørge dine venner. De vil gangtesred gerne hjælpe dig. Hilsen dreng på 13 år"	Måske skulle du prøve at finde ud af hvad der gør at du synes hun har ændret sig og hvornår det er du får den følelse. Har selv haft problemer med min mor og hendes nuværende kæreste og det er svært at skulle gå med selv. Prøv at snak med nogle voksne om det din far eller måske andre en lærer eller din mor nogle du kan stole på. Det er ikke sikkert du kan gøre noget ved det men de kan måske hjælpe dig med at finde en løsning på hvad du skal gøre.
hvordan er man et godt skilsmissebarn	Pige   10 	Jeg er som i nok kan regne udskilsmissebarn og det kan godt være svært håber der er nogen der gidder hjælpe	26-Sep-16	"Hej pige på 10 år.

Jeg syntaks at du skal snakke med både din mor og far om det du har skravet.

Og jeg syntes du rigtig sej at du skriver ind, for du er jo kun 10 år.

Menuen kender også en hvor personens forældre blev skilt og personen var meget ked af det, men idag har hun det godt, for nu skal personen ikke høre sin forældre skændes. Men jeg hved jo ikke om dine forældre skændes men, jeg over at det nok skal blive beder"	"Er selv skilsmissebarn er lidt svært til at starte med, men man vender sig hurtigt til det."	Hej jeg er også skilsmisse barn og det hjælper lidt mig at skrive til min far hvis jeg er hos min mor eller omvendt feks. Om aften kan du skrive godnat eller hvis du bare lige pludselig savner en af dem kan du skrive til den du nu savner.	"Hejsa,

Nu ved jeg ikke hvor længe dine forældre har været skilt. Mine forældre er også skilt og har været det i 7-8 år tror jeg. Der er jo både gode og dårlige ting ved det. Jeg har blandt andet altid syntes det var fedt at have dobbelt af alt ting. Måske har din eller har også en kæreste som du kan skabe et tæt forhold til. Men hvis du savner din mor når du er ved din far og omvendt. Så prøv at huske på at du skal være i ""nuet"". Nyd den tid du er ved være din forældre."
familie problem	Dreng   12 	min mor og far er skilt. min mor og jeg er tit oppe at skændes. i dag glemte jeg at lave mad og støvsuge (jeg er meget glemsom) jeg havde sat en alarm men den spillede ikke:(	23 Marts 2017	"Hej. Det lyder ikke særlig rart. Måske kunne du tale med din mor om at du ikke kan lide jeres skænderier og at du har det svært. Jeg plejer at snakke om sådan nogen ting med den tættes ven jeg har eller en voksen du kan stole på.

Jeg håber at det bliver godt."	"Hej, jeg synes du skulle prøve at få fat i din far. Om de skænderier som dig og din mor har. Jeg har selv været i den situation, jeg havde bare brug for at jeg, kunne tale med en anden om det. Så din far kan snakke med din mor, om de ting der gør dig på.                          Håber at det kommer til at fungere med dig og din mor.                               Mvh Burtel."	"Hej M.

Jeg synes at du skal snakke med din mor, hvis du virkelig synes at det er et problem, så luk det ud. Din mor vil sikkert forstå, at det også er hårdt for dig."	null
Fars nye kæreste	Pige   12 	"I februar blev mine forældre skilt. Min hund blev en dele-hund (hver anden weekend er han hos min mor)

Efter højest en måned fik min far en ny kæreste, som har 3 sønner(hende kalder vi får X)"	10 Juli 2017	"Hej med dig, det er rigtig svært det med skilsmisser! Specielt når ens forældre får nye kærester, og man lige pludselig skal forholde sig til nogle helt nye mennesker. Jeg har slev været ude for noget af det samme som du beskriver, jeg vil råde dig til at fortælle din far hvad du føler. Måske, han glemmer at du også har behov, og at en skilsmisse ikke kun går ud over ham og din mor.

Han er et helt nyt sted din far, han har måske først nu følt sig glad, og det vil han nok prøve at holde fast på med alt han har, og det går nok lidt ud over dig. Han elsker dig ikke mindre, heller ej gør din hund! De vænner sig bare begge til en ny livstil, og det tager tid. Men prøv at snak med din far, jeg er helt sikker på han forstår dig! Og angående din papbror, så har han det nok også lidt svært, tror du ikke?

Men jeg lover dig, det skal nok gå alt sammen:))

Knus og kram"	"Jeg syntes du skal snakke med din far om det og sige at det Gør der ked af det

Har selv forældre der er skilt"	"Årh søde, jeg kan sagtens forstå dig!

Min far fik også en nu kæreste som havde sønner. Han var altid hos hende, og jeg følte at de betød mere end mig. Så flyttede de sammen, og jeg synes hun var så mega irriterende. Hun havde samme regl om salt, og tusind andre ting som jeg ikke var vant til. Jeg fortalte min far om det, og talte meget med min mor om det. Jeg tror min far indså at det faktisk ikke var så ""godt"" som han troede, så nu er de ikke sammen.

Jeg synes du skal tale med din far, jeg er helt sikker på at din mening også betyder noget for ham!"	null
Hvorfor giver hun mig skylden???	Pige   12 	Hvordan kan det være hun er så ond og led??	29 Juli 2016	Bare sig det til din far han skal nok tro på dig du er jo hans datter	Snak med din far<33 Virkelig!	"Hej!

Det lyder ubehageligt, at din fars kæreste er sådan overfor dig og din søster! Synes ærlig talt, at du skulle tage en snak med din far om det. Det kan være, at din fars kæreste ikke gør det med vilje, eller er bevidst om, at hun forfordeler hendes eget barn. Du kan sige til din far, at du føler dig uretfærdigt behandlet af hans kæreste, at hun siger at det er jeres skyld, når du ik mener I har gjort noget forkert"	"Det lyder utrolig ubehageligt, og jeg vil foreslå dig at sige til hende, hvordan du har det. Hvis det ikke hjælper, synes jeg du skal fortælle din far, hvordan du føler.

Håber det hjalp, kh S"
Forældre....	Pige   13 	"Jeg har et problem.. Min mor og far er skilt, det har de været siden jeg var lille."	02-Dec-15	"Hej.

Jeg er ked af, at du har det sådan. Jeg havde det engang meget ligesom du har det nu, og alting føltes bare svært.

Hvis du har nogle søskende, kan du eventuelt tale med dem om det, ellers kan du måske tale med dine venner. De vil nok gerne hjælpe dig.

Ellers må du vel bare holde ud i noget tid og se, hvad der sker, og hvad det ender med.

Jeg ved godt, at det ikke er verdens bedste råd, men jeg håber, at det alligevel kan bruges. Hel og lykke."	Hej jeg har selv stået i den situation og ja det tager lang tid for mig tog det 3 år at kunne få lov til at selv bestemme selv om jeg var gammel nok så det handler om toldmodighed og prøv evt at lave en aftale med dine forældre som start feks en uge ved hver og arbejdt ud fra det. Håber det bliver som du ønsker	Hejsa jeg har også selv det problem og jeg forstår der fuldt ud der er ikke så meget at gøre men du kan prøve at tale med begge dine forældre om det jeg var selv fire da det skete og jeg talte med dem og det hjalp og jeg er hjemme hos min far nu fire dage hver anden uge	null
Skilsmisse (problemer med far)	Pige   13 	Jeg har en biologisk far som ikke vil kendes ved mig og en papfar som har været der igennem hele mit liv.	09-Feb-17	"Hvis han elsker dig så tror jeg godt han kan forstå hvis du ikke vil se ham. Men ellers så snak med din mor om hvad du tænker og føler, jeg ved godt hvor svært det er."	"Jeg kender godt til at have en far man ikke har lyst til at tage hjem til. Men du skal ikke være bange for at sorge ham, du skal altid gøre hvad du vil."	"Hej pige på 13 år!

Jeg står selv i en situation der minder lidt om det."	Jeg synes at det vil være en rigtig god ide at sige det til din mor hvis du nu synes at det er svært at sige det til ham ☺️
Jeg vil gerne have 9-5	Pige   13 	"Mine forældre blev skilt for godt 4 år siden og jeg har ikke haft det så godt lige siden.

Lige nu er det sådan at jeg er en uge hos min mor og en uge hos min far."	17-Jan-18	hej... jeg tænker at det er jo dit valg hvem du vil være hos så bare snak med din far om det. eller sig det til din mor også kan hun snakke med ham om det.	Du skal bare sig det som det er jeg tror de vil respektere at det du vil altså mine forældre er også skilt og de har det fint med hvis jeg vil være mere tid ved den ene	"Hej pige på 13 år. Vi er to piger på 15 år, der har læst dit brev. Vi synes at du skal tage en snak med din far. Du kan fortælle ham at du føler et større behov for at være sammen med din mor på nuværende tidspunkt. Grunden til at han de forrige gange har sagt nej kunne måske være fordi at han føler sig såret og at han ikke gør det godt nok som forælder. Samtidig er det deres beslutning at blive skilt og vi synes derfor at du skal gøre hvad du føler er bedst for dig.

Kærlige hilsner fra os"	hej jeg er 16 år og mine forældre blev skildt da jeg var 9 år. Jeg har en lillesøster som også tit føler at hu (så imodsætning til dig) gerne vil være hjemme hos vores far. Men det der stopper hende er at hun er bange for at gøre vores mor ked af det. du skal ikke være bange for at gøre din far ked af det. han er et voksent menneske og han vil kun det bedste for dig. jeg ved godt at det er svært men prøv at tal med ham om det. sig dine følelser lige ud. den fejl min lille søster laver er at hun hele tiden prøver at gøre det på en diskredt måde. altså hun såger det ikke lige ud men prøver at få vores mor til delv at gætte det. det er en fejl. sig det til ham som det er. han kan godt tåle det ;)
Skilt	Pige   11 	Mine forældre er lige blevet skilt og der bliver ved med at komme chorkerende nyheder ind og jeg har det som om jeg skal springe i luften.	18 Oktober 2016	"Hej. For et par år siden blev mine forældre også skilt, jeg syntes det var utroligt hårdt, og som du selv nævner bliver der nemlig ved med at komme chokerende nyheder.

Mit råd til dig er at få snakket med nogen om det, en af dine forældre, en ven eller måske en lærer du stoler på! Men det hjælper virkelig og snakke om det, også selvom om man måske først tænker man bare ikke gider snakke om det.

Ellers så prøv og forklar dine forældre hvordan du har det, og sig du syntes det er svært med en masse chokerende nyheder på en gang.. De vil 100% kunne forstå dig. Prøv måske og forklar dem det og så spørg om de ikke vil være søde og skåne dig for nogle af de lidt mindre ting, så de kun fortæller dig om de ting der sker lige nu, og de ting der vil få konsekvenser for dig lige nu."	"Hej. Jeg ved godt at det er hårdt, og jeg har selv været det igennem. Selv om at det virker svært, skal det nok gå. Man kommer ikke altid helt over det, men mindet forsvinder over tiden. Nogle specielle ting vil minde dig om det og det vil du kunne mærke. Men mit bedste råd er at du snakker med en ven eller en her på, som har det samme ""problem"" eller en som også har prøvet det. Held og lykke:-)"	"Hej... Jeg ved det kan være svært og overraskende at ens forældre bliver skilt... Jeg er selv skilsmisse barn, og min bedste ven's forældre blev skilt for ikke længere en et måned siden.. Jeg tror du skal prøve at tage så godt imod de nyheder som muligt.. Ja det kan være de er dårlige, det kan være de lyder dårlige men faktisk vender til noget godt.. Prøv at få det bedste ud af alt."	Snak med en der holder af dig sådan virkelig meget eller en der har prøvet det samme mine forældre blev skilt da jeg var 2 år.  Men min mor fandt ud af hun var gravid 14 dage efter hun havde mødtes med min far så det forhold var dømt til at ende.        Men prøv at snakke med en der virkelig forstår det
skilsmisse	Dreng   10 	min mor og far blev skilt i 2012 efter det fik min far en kæreste.	06-Sep-16	Jeg syntes du skal prøve at tage en snak med din far om problemet måske mens i sidder og spiser	"Prøv at snak med din far, jeg er sikker på at han vil forstå. Hvis det er sådan at din far og hans eks ikke har kontakt længere kunne du måske selv række ud til hende (din fars eks' datter) via. facebook eller andet, hvor du kan spørge om hun har lyst til at mødes."	"Mine forældre er også skilt min mor havede en kæreste med en pige på ca min alder

Jeg savner hende stadig meget og sagde det til min mor og hun kunne godt forstå det vi havnede jo leget godt sammen så du kunne prøve at sige at du savner at lege med hende

VH pigen"	null
Bo sammen med mor eller far?	Pige   14 	"Mine forældre er skilt og har altid været det. De blev skilt da jeg endnu ikke var født, så jeg vokset op med det - men der er bare det, at jeg bor/er vokset op med min i Danmark, men min far er amerikaner og bor i USA."	01-Nov-16	Kære ....	"Du kan sige til din mor, at du vil tage et år til USA og læse ( studere, gå i skole eller lign.). Imens du studerer, læser eller går i skole, kan du bo hos din far. Efter det år er gået, kan du bestemme dig for, om du har det bedst i USA hos din far, eller om du alligevel er mere til at være herhjemme. Jeg vil anbefale dig at gøre det lige fjer 9.klasse. Altså efter folkeskolen og inden gymnasiet/ andet ungdomsuddannelse"	"Kære pige på 14 år.

Jeg kan godt se dit dilemma her. Det lyder som om, du har et godt forhold til din far, selvom han bor meget langt væk. Hvis du har det sådan, at du gerne vil bo sammen med din far ovre i USA, er det det du skal gøre. Du skal forklare din mor stille og roligt, at du gerne vil prøve at bo i USA. Du skal huske at nævne, at du vil besøge hende osv.

Jeg synes, du skal tage fat i din far og fortælle, hvad du tænker, og dine tanker om, at du gerne vil flytte over til ham. Jeg er sikker på, at han vil blive så glad, og han vil gerne hjælpe dig.

Det lyder også som om, din mor har meget travlt i hverdagen, og derfor ikke er særlig tit hjemme om aftenen.

Til at starte med synes jeg, du som sagt skal tage din far med ind i det, og så derefter tage en stille og rolig snak med din mor om det. Prøv at lade vær med at komme op i det høje toneleje. Start med at sige, at I lige skal snakke om noget, men at det ikke skal ende med råberi.

Jeg håber, du finder ud af det."	"Jeg synes det er rigtig dejligt at du tør at skrive her ind. Sådan som du skriver forklarer du at du bedst kan med din far, det kan være en mulighed at komme til USA og bo og opleve noget andet og samtidig være tryg og glad heletiden. Jeg synes personligt at du skulle flytte hjem til din far nu da du har det bedst der føl dit hjerte og gør hvad det siger"
Fanget i midten....	Pige   12 	"Min far har en tendens til at når han for en ny kæreste ændre han sig fuldstændigt...

Der har været en masse problemer med hvem jeg skulle bo hos, min far syntes ikke særlig godt om min mor (når han har en kæreste)"	16-Aug-17	"Det lyder godt nok træls for dig, men jeg tror desværre ikke, at jeg har en løsning. Men jeg vil komme med et par ting, som måske vil kunne hjælpe dig.

Jeg tænker, at du måske kan snakke med din lærer om det.

Du kan måske også skrive et brev til begge dine forældre, hvor du fortæller, hvor meget det påvirker dig.

Jeg ved ikke lige, hvad du ellers kan gøre, men jeg håber at det bliver bedre. For det lyder bestemt ikke rart, du får lige et luft kram herfra."	"Hejsa. Det lyder som om at du virkelig kæmper.

Jeg er ikke selv skilsmissebarn og kan derfor ikke relatere så meget, men måske kan min hjerne arbejde noget klogt frem:)"	"Hej :)

Jeg forstår der 100% godt, og du er slet ikke alene med den problematik!!!!

For 1 1/2 år siden blev mine forældre skilt, og min mor talte ikke så pænt om min far. Min mor glemte at tænke på at det gjorde mig ked af det når hun talte grimt om min far. Jeg er så heldig at have et tæt forhold til min mor så jeg nemt kunne fortælle hende hvordan jeg havde det.

Det kan være meget svært at tale med sine forældre om hvad der gør en ked af det. Måske har du en voksen, ud over dine forældre, som du er tryg ved. Det kan fx. være en lærer, din moster, faster en venindes mor, bare en du kan fortælle hvordan du har det. Så kan han/hun måske hjælpe dig med at snakke med din far?

Håber at du finder ud af det!!! og husk du er slet ikke alene, og det er aldrig din skyld!! du er faktisk ret sej at du spørger andre om hjælp, bliv ved med det ;-)"	null
Mor og far er skilt	Pige   8 	Jeg går i 2. Klasse og min far skal snart flytte fordi min mor og far skal skiles. Jeg bliv rigtig ked af det da jeg hørte nyheden.	21 Oktober 2017	"Det kan være rigtig svært når ens forældre går fra hinanden, men det er jo bedst sådan, fordi de jo tydeligvis ikke passede særlig godt sammen. Din veninde lyder smadder sød, prøv at snakke med hende om det, eller en anden voksen, og selfølgelig bliver det underligt med to værelser og sådan noget, men efter noget tid vil det højst sandsynligt blive normalt for dig. Held og lykke!❤️"	"Min mor og far er også skilt. Min ene forældre bor i udlandet. Det er altid svært i starten af en skilsmissen men tro mig det vil gå over. Det er aldrig barnet skyld at forældrene bliver skilt (det har jeg selv følt og jeg har også hørt andre der havde det sådan) jeg tror man skal vende sig til tanken og værelserne, men man skal også huske alle de gode ting med skilsmisser

1. Der er ikke de der skænderier mellem forældrene.

2. Der bliver holdt nogle gange 2 juleaftner, dobbelt op gaver.

Håber svaret kunne hjælpe dig lidt igennem.

Mvh. Pigen på 15"	"mine forældre blev også skilt for cirka 2 år siden, jeg savner stadig at de ikke bor sammen mere, også selvom det er 2 år siden. Nu bor jeg hos min mor i hverdagen og i weekenden er jeg hos min far, men kun hver anden weekend det er stadig hårdt at man skal blive rykket undt med, og så skal man pakke tøj når man skal rykke hele tiden. Men både min mor og far har fået en ny kæreste, og de er rigtig søde. Så du skal bare tænke på at det bliver godt igen <3"	"Hej Ella jeg har selv forældre der er skilt og det er ikke sjovt, men du skal bare tage det helt rogligt og se hvad der sker men husk hvis du bliver ked af det så snak med en voksen."
Mine forældres skilsmisse	Pige   17 	"Jeg er en pige på 17 år. Mine forældre blev skilt i sommers, og det har været rigtig hårdt. Min mor græder hver gang mine forældre har snakket i telefon sammen, og hun er altid sur eller ked af det, efter at vi har haft besøg af min far."	20 Marts 2016	"Hej pige,

Ved godt at jeg er meget yngre end dig, men tror godt at jeg kan hjælpe.

Det virker som om din mor, selv er rigtig ked at det med skilsmissen, selvom hun måske ikke viser det så meget. Du kan evt. snakke med din mor om hvordan hun har det, for jeg tror at grunden til at hun også taler sådan til dig og taler sådan om din fra, er fordi det har taget hårdt på hende.

Så jeg synes du skal sætte dig ned med hende, og snakke om hvordan hun har det og om hun er okay, og så kan du jo også fortælle hende hvordan du føler og har det<3

Håber at mit råd kan gøre nytte!

Knus"	"Kære pige :)

Jeg synes, overhoved ikke at du er egoistisk, når du siger til din mor, at du ikke synes, det er fair overfor dig. Hun bliver nødt til at vide det, for det har jo også været hårdt for dig.

Mine forældre er også skilt, og jeg kan genkende alt, hvad du beskriver. Jeg forstår dig virkelig godt, og det er ikke særlig rart.

Det lyder lidt som om, du er den stærke i forholdet mellem din mor og din i denne skilsmisse, men det kan være, at jeg tager fejl? Derfor synes jeg, det er vigtigt, at du husker på dig selv. Derfor synes jeg, at du skal prøve, at snakke med din mor. Hvor du kan fortælle hende, hvordan du har det, når hun for eksempel siger modbydelig ting om din far. Din mor bliver nødt til, at forstå at det såre dig, før hun kan ændre det. Det virker som om, at din mor søger din kærlighed, i og med at hun gerne vil have, at du tager hendes parti. Derfor synes jeg, at du skal gøre det klart for hende, at bare fordi du elsker din far, betyder det ikke, at du holder op med at elske din mor, eller elske hende mindre. Derfor synes jeg også, at I eventuelt kan bruge snakken, så I begge kan få snakket ud om, hvordan I har det, og hvordan I tackler skilsmissen sammen, og lære at forstå hinanden. Måske kan i finde frem til en fælles løsning, hvor for eksempel din mor ikke siger modbydelige ting om din far, i det mindste ikke mens du høre det.

Jeg tænkte på, bor du kun hos din mor? Eller bor du også hos din far, og sørge for at få noget alene tid med ham? For det tror jeg kunne være godt."	"Hej :)

Det er en svær tid du går igennem, ligeså svært for dine forældre! Jeg stod præcis i samme situation som dig.

Jeg brugte meget en ekstern person (i mit tilfælde min mormor), som jeg snakkede med - hun forholdt sig nemlig neutralt, ligesom mig. Så jeg vil helt klart anbefalde dig, at snakke om det med folk, og ikke lukke dig inde.

Jeg ved godt det er ulidligt at være i den situation, men prøv at give din mor lidt plads, og sig at du ikke vil høre, at hun snakker grimt om din far, når du er der. Det gjorde jeg - de lærte de begge to til sidst."	"Hej.

Jeg har selv været ude for noget lignende, der var det bare min far der var meget ked af det.

Jeg sagde også til min mor at jeg var ked af det, og hun tog heller ikke så pænt imod det.

Jeg tror at det er fordi at din mor og far begge er meget kede af det over skilsmissen, og at de har lidt svært ved at vende sig til det.  Men mit råd ville være at snakke med dine forældre om det, og hvis de som du siger ikke vil lytte, så prøv at snak med en på skolen om det måske din klasselærer eller din kontaktlære (hvis du har en) eller hvis du har nogen andre i din familie, som du stoler på, og som du tror ville lytte på dig.

Jeg håber at du kunne bruge mit råd:-):)"
Skilsmisse		"Men en dag for nogle måneder siden fortalte min mor, at min far ville flytte ud i

et stykke tid fordi de skulle have noget tid hver for sig. Det hjalp og de virkede

glade igen, men det gør de så ikke mere."	21-Apr-15	"Hej, jeg er selv et skilsmissebarn, så håber at min erfaring kan hjælpe dig! Jeg ved ikke hvor gammel du er, så skriver lidt generelt...

Da mine forældre blev skilt, troede jeg i en lang periode efter, flere år, at det var min skyld. Senere fandt jeg ud af at det er meget normalt at børn får skyldfølelse når forældrene skilles. At du så tror at din lillesøster er problemet, er det samme. At du tit for skæld ud når din lillesøster gør noget galt, må du ikke tage personligt, eller tænke for meget over, selvom at det er svært! Det kan være noget med dine forældres problemer at gøre.

Det samme gælder at dine forældre ""bagtaler"" dig. Forældre vil altid snakke om deres børn uden at de børnene hører det. Derfor skal du ikke se det som et angreb mod dig, men som noget dine forældre gør fordi de har et problem lige for tiden. Igen noget du ikke må tage for personligt, selvom at det er meget irriterende og svært!

Jeg husker også da mine forældre var blevet skilt, at jeg tit truede og tænke på enten at løbe hjemmefra eller over til den anden. Det er sjældent en god ide, og det ente altid med at jeg kom tilbage efter 5 min. Jeg tror på at når man truer med at løbe hjemmefra, enten overfor sig selv eller for sine forældre, så er det et tegn på man er utilfreds, hvilket jo er forståeligt! Jeg synes derfor at du skal snakke med enten din mor eller far, og fortælle dem hvor ked af det du bliver over at de altid er uvenner. Fortælle dem at du godt kan få skyldfølelse, fortælle dem at du tit føler dig dårlig behandlet, når de skælder dig ud osv.

At være ærlig er altid en god ting, og gavner stort set altid! Især når det omhandler ens familie!

Konklusionen er derfor at du skal snakke med dine forældre, enten hver for sig eller sammen, og være ærlig overfor dem. Start med det. Løser problemet sig så stadig ikke, kan du altid skrive herinde igen, og så må vi se på en anden løsning.

Håber at det hele giver mening, at du kan bruge det til noget, og at den bedste løsning for dig og din familie bliver fundet inden for den nærmeste fremtid!"	"Hej jeg er en pige der også har været igennem skilsmisse,min mor og far  skændtes også enden de blev skilt gik jeg til min lære som hjalp mig. Håber du kan bruge det?"	"Mine forældre er skilt og det vil du bare ikke have det mener jeg og sig til din klasse lære hvis du kan få en psykolog det er godt det har jeg og det er pinligt men det hjælper lidt men jeg har bare ikke lyst til at komme men det går jeg synes også at du kan tale med din lære om det, det er godt for dig"	null
Jeg er ulykkelig	Pige   15 	"Mine forældre blev skilt for 2 år siden, og det tog virkelig hårdt på mig. Inden de blev skilt fik min far et nyt job, der gjorde at vi fik mange flere penge end før, så vi skulle flytte ind i en ny lejlighed hvor jeg kunne få mig eget værelse(hvilket jeg aldrig har haft)."	30 Oktober 2016	Hej Du.	Hej :)	"hejsa, har selv prøvet det der med at  dele værelse , og det syntes jeg også var mega pinligt.  Men på et tidspunkt kom jeg så langt ud hvor jeg ikke ville mere , fordi det afholdte mig fra det sociale liv med venner ovenattende og sådan . Det jeg gjorde var at jeg lavede lidt om på mit værelse og det var jo gratis da jeg brugte mine egne ting jeg havde i forvejen . Min familie har dog rigeligt med penge , men bare glem alt om det . Jeg talte også med mine forældre fordi jeg ligesom dig havde dårlig samvittighed , fx over alle de mennesker ude på gaden der havde intet. Men nu er det her ikke for at lyde egoistisk eller noget , men du skal altid huske også at tænke på dig selv , du skal selvfølgelig ikke overdrive og gå helt amok , men altså bare huske på dine grænser og de ting der. Oven i købet havde/ har jeg et rigtig dårligt forhold til min mor , vi skændes og hun har fx sagt hun skammer sig over at have født mig . Men mit bedste råd er at gøre lidt ud af værelset og så tal med din mor om problemet og tænk ikke på hvad andre syntes ❤️ Håber  du ku bruge det"	null
Hjælp til fest	Pige   17 	"jeg ville gerne holde en fest for hele min familie men min mor er bare ikke glad for at snakke eller bare være i samme rum som min far, men altså jeg ville høre om der var andre der har haft det samme problem som mig og om i så holde en fest for hele sin familie både far og mors familie eller det bliver to."	13-Dec-16	"Hej, jeg er selv 19 år, og har desværre ikke stået i samme situation som dig, men jeg har mange venner der har. Til dem har jeg altid sagt at deres forældres konflikt ikke skal komme i vejen for de dage, der betyder rigtig meget for en selv. Det lyder som en rigtig svær situation, og jeg synes det er unfair at du står med det dilemma. Umiddelbart syntes jeg du skal snakke med begge dine forældre, og gøre det klart for dem, at du ikke har lyst til at vælge imellem dem, eller holde to fester hver for sig, kun fordi at de ikke kan enes. Den dag man fylder 18 er en stor dag, og jeg synes man skal have lov til at invitere dem man har lyst til at se, uden at dem man har inviteret, kommer i konflikt. De er der trods alt for at gøre din dag god. Håber det hjalp lidt :-)"	null	null	null
Skilsmisse	Pige   9 	Jeg er en pige på 9 år.	28-Jan-18	"Hej. Jeg er 14 år, og har selv forældre som er skilt. Jeg skulle være en uge ved min far, og en uge ved min mor.

Det var meget meget hårdt for mig i starten også, men man bliver nødt til at være stærk. Snak med nogle om det. (hvis du har søskende, så snak med dem)

Det er ekstremt vigtigt at du kommer ud med dine meninger om det, især at du siger alt hvad du mener til dine forældre.

Det skal nok gå til sidst"	"Hej 9 årige pige, vi er to personer som er der for at hjælpe. Jeg (en af personerne) har siden jeg var lille haft skilte forældre. Jeg er faktisk også kun hver anden weekend hos min far og en uge hos min mor. Mit bedste råd ville nok være at tale med din mor og far om det, og fortælle at du synes det er svært, så kan i jo sammen finde en måde at løse det på, så du kommer til at føle dig bedre tilpas...vi håber at det vil hjælpe dig.

Kh. dem der er der."	"Hej

Jeg har det helt samme problem, bare lidt anderledes! Jeg synes det bedste du kan gøre, er at sige det til dem eller ringe til dem når du savner dem! Det gør jeg, og det hjælper!"	"Hej pige på 9 år.

Jeg er en pige på snart 13 år og som faktisk havde sammen problem for 3 år siden. Mine forældre blev skilt for 4 år siden, men det begyndte først at påvirke mig 1 år senere.

Jeg er der 7-7 (en uge hver) og jeg savnede min mor når jeg var ved min far og omvendt...Der var desværre også nogle grunde til at jeg savnede dem så meget. Min far begyndte fx at sætte sig ned på gulvet og græde foran min lillebror og jeg, eller hvis jeg vågnede om natten, hvilket jeg tit gjorde, kunne man høre ham tudbrøle inde fra hans værelse. Det var jo ikke særlig rart?

Men hele min pointe er at hvis du en dag sidder derhjemme og savner din mor eller far, så ring til dem. Det er mit bedste råd. Bare at høre deres stemme og vide at de har det godt."
Hvad gør jeg?	Pige   13 	Og ligesiden at de blev skilt har jeg nærmest ikke kunne tænke på noget andet.	20-Nov-16	"Hej Søde, mine forældre er også skilt og det har de snart været i 2 år jeg kan sagtens forstå hvordan du har det havde det nemlig på samme måde men jeg snakkede med mine forældre rigtigt meget om det da det var mig, jeg kan forstå at du ik vil gøre din far sur eller ked af det men i denne situation skal du kun tænke på dig selv og hvad du vil det kan være hårdt men det virkede for mig og ny er jeg hjemme ved min far i ene uge og hjemme ved min mor den anden uge og sådan skifter det <3 jeg håber det hjalp. -Anonym <3"	Sige til din mor at du gerne har mere tid med henne og så siger hun det til din far	hej mine forældre har også været skilt i mange år nu men prøv at skriv/snak med din mor om at du godt vil være sammen med hende lidt mere til håber det hjalp.	hej mine forældre har været skilt i 8 år.  og de har delt mig fint. du må ringe til din mor og lade dine forældre løse det. for det går ikke at du er ked af det.?
Vil gerne bo hos far	Pige   14 	"Jeg er en pige på 14 år, med et stort problem. Mine forældre blev skilt for cirka 2 år siden, og det har påvirket mig meget."	27-Apr-16	"hej pige på 14

det er var det samme med mig, men det jeg gjorde var at jeg talte med min far, og så hvad han sagde. Derefter gik jeg til min mor og snakkede med hende om det. Så skete det jeg ventede på, altså det blev et ja.

Og ja, jeg ved at det er svært men jeg ved du kan!"	"Hej jeg har haft det på samme måde, og jeg flyttede hen til min far efterfølgende. Nu har jeg været ved min far Ca. 2 år, og jeg vil gerne være en uge ved hver nu. Så jeg tror at det er en ""fase"" man skal igennem, eller måske bare en pause fra din mor? Jeg ville nok være ved min far det meste af sommerferien, og  hvis det kunne lade sig gøre. Efterfølgende ville jeg se hvordan jeg ville have det med min mor. se hvordan man har det efterfølgende."	null	null
Skænderier			22 Juli 2015	"Hej. Mine forældre skændtes også engang i lang tid, og man er selvfølgelig altid bange for at de skal skilles, men husk på at der skal rigtig meget til. Husk også at næsten alle forældre skændes, nogen værre end andre. Jeg ville anbefale at du enten snakkede med en af dem om det, så de ved hvad du føler ( det har jeg selv gjordt ) men hvis du ikke har mod nok, så prøv måske at vis dem at du er ked af det. Det skal nok gå alt sammen. Kh en Pige"	"Hej kæreste barn.

Nu ved jeg intet om hvad køn eller alder om dig.

Det er rigtig øv at ens forældre skændes og man som barn ikke rigtig kan gøre noget ved det.

Men alligevel synes jeg at du skal tag den forældre (altså enten mor eller far) som du stoler mest på og snak med personen.

Fortælle at det går dig på at dine forældre skændes og at du er bange for at de flytter fra hinanden.

Det kan være rigtig svært.

Men det er mit personligt råd.

Håber alt med dig, med snakken og ud i fremtiden.

Hilsen den 17 årige Lea. :)"	"Hej.

Jeg oplever også en gang imellem, at mine forældre skændes. Det er virkelig ikke særlig sjovt. Og jeg er også af og til bange for, at mine forældre skal skilles.

Husk på, at det er helt normalt, at ens forældre skændes en gang imellem. Det er nok bare en del af livet. Man må jo tage det sure med det søde, som man jo siger. Jeg gør ikke rigtigt selv noget ved det, når mine forældre skændes, men jeg har før sagt til dem, at det ikke hjælper noget at give hinanden skylden. Det kan du måske også sige til dine forældre. Jeg sagde det godt nok, da min far gav mig og min søster skylden for noget, men det betyder ikke, at det ikke kan bruges i andre sammenhæng. Du kan jo altid tage en snak med dine forældre om, hvad du føler, når de skændes, og at du er bange for, at de bliver skilt. Hvis du har nogle søskene, så kan du jo tale med dem om det. Men det kan altså nok ikke undgås helt, at man nogle gange skændes.

Venlig hilsen en sød pige."	"Hej!

Det lyder som en rigtig ærgerlig situation, du står i. Derfor er det vigtigt, at du holder hovedet højt og er stærk! Du skal prøve at fokusere på noget godt; tænk på is på en varm sommerdag, teksten fra din yndlingssang eller noget andet der gør dig glad!

Og husk på at ALLE forældre skændes - det er helt normalt. Derfor kan du nok ikke gøre så meget for at de stopper med at skændes, for det er noget der er i alle forhold. Vær et sødt og opbakkende barn, så de bliver glade af at være sammen med dig.

 Når de skændes, så prøv at hold dig på afstand; tag høretelefoner i og hør noget musik, eller gå ind på dit værelse, eller gå ud i haven. På den måde er du ikke helt lige så tæt på.

Jeg synes også, du skal prøve at snakke med dine forældre og dine søskende (hvis du har nogle). Fortæl dem hvordan du føler. Selvom det kan være svært, vil det hjælpe dig meget!

Jeg ønsker dig alt det bedste, og håber det kommer til at gå bedre! Du kan godt!"
Hvor skal jeg være?		"Nogen gange føler jeg at jeg bare er til leje, og ikke selv har noget at sige.

Men min mor og far har tilbudt mig at vælge et sted at bo, men jeg kunne ALDRIG nogensinde finde på at vælge en frem for den anden.

Hvad skal jeg gøre

Hilsen pige på 13"	01 Juni 2015	"Hej :)

Det er rigtig svært at have forældre der er skilt, for som barn vil man aldrig vælge den ene frem for den anden. Min forældre gik fra hinanden da jeg var 5. Nu er det ti år siden, og jeg har affundet mig helt fint med det hele."	"Jeg tænker om det vil hjælpe vis du bor 2-3 uger hos far også bor 2-3 uger mor.

Det kan være at du så falder til ro og du ikke følger at du hele tiden flytter

eller noget i den stil

håber du finder du af hvad du vil og at du jeg har skrevet har hjulpet"	"Hej med dig!

Mine forældre er også skilt, og jeg kan sige dig, at jeg har haft det præcis på samme måde! Det er rigtig svært at skulle transportere så meget, for at gøre dem alle glade. Mit råd er, at hvis der er en af dine forældre du snakker godt med ( sådan om f.eks personlige ting osv), så kan du måske snakke med din far eller mor om problemet, så dine forældre derefter kan snakke om det! I denne situation, er de, de eneste der kan gøre noget ved det. Det er dine forældres job at få dig til at føle dig godt tilpas, og de kan kun hjælpe dig hvis du fortæller dem det(;

Jeg håber at du kommer godt igennem det(:

KH L"	"Hej søde.

Jeg er også en 13 årig pige som er skilsmissebarn. Jeg bor skiftevis en uge hos min far og en uge hos min mor. Hvis det stadig er noget nyt at de er skildt kan det jo være rigtig hårdt og det forstår jeg. Hvis jeg var dig ville jeg vælge at bo hus din mor... Du er jo lige nu i puberteten og så har man da tit brug for sin mor. Eller hvad?

Håber mit sygt pedagogiske brev kunne hjælpe."
Sådan har jeg det !	Pige   10 	mine forældre er ik så gode venner. Værd gang jeg skal afleveres hos en af dem begynder jeg at græde fordi at jeg alderede at savne mor/far.	26-Jan-17	"Jeg er selv skilsmisse of har det tit på samme måde når jeg skal hjem til min far... nu har jeg været skilsmissebarn siden jeg startede i 1. Klasse, men først da jeg begyndte i 4. Klasse blev min forældre uvenner... det er rigtig øv og jeg havde altid ondt i maven når jeg skulle hjem til min far og blev rigtig ked af det når jeg var der... nu er jeg der i mindre tid men da du jo i forvejen ikke ser ham meget er det måske ikke helt løsningen at komme det ene sted mindre? jeg synes selv det hjælper at lave noget man kan lide og som ikke minder en om det at de er skilt... hvis du kan lide at lave gymnastik så lav noget gymnastik.. det har hjulpet mig meget og man kommer væk med tankerne som gør en ked af det❤håber det også hjælper dig❤❤"	"Hej Cirkeline.

Jeg er virkelig ked af, at du har det sådan her. Jeg er selv delebarn, og jeg har 5 søskende. De har det på samme måde, hvor de savner den ene forælder, når de er hos den anden. Det duer jo ikke, at du bliver ked af det. Kan du måske snakke med din mor eller far, om det her? Det syntes jeg, at du skal gøre. Det kan måske hjælpe dig, så du ikke er så ked af det. Fordi det er jo heller ikke sjovt, at gå rundt og have ondt i maven over det. Jeg syntes måske, at du skal snakke med om at du er hos din mor 1 uge, og så 1 uge ved din far. Det er måske en løsning, så du ser dem begge lige meget.

Jeg håber virkelig, at jeg har hjulpet dig bare en lille smule.

Hav en super god dag<33"	"Hej Cirkeline.

Min forældre har været skilt i nogle år og i starten var lige præcis det sammen som med dine. Jeg savnede altid min forældre og blev ked af det men jeg tror det kan have noget at gøre med man skifter fra sted til sted og det er svært at undvære sine forældre men jeg syntes at du skal snakke med dem og sige at det skal begynde at blive bedre venner vis det ikke er for deres skyld så for din jeg syntes selv det påvirker mig at mine forældre ikke kan enes så det tror jeg vil være en god ide:-)"	"Jeg synes måske ar du skal snakke med dine forældre om du kan være lige lang tid hos dem.

Nu ved jeg jo ikke hvordan dine forældre har det med hinanden, men måske skulle du lave noget med dem begge på en gang fx Tivoli eller en gåtur osv.

En god ting kan altid være at have en bamse eller noget andet med dig hver gang, så når du savner en af dine forældre kan du finde bamsen frem og kramme den :)

Held og lykke!"
Mine forældre  skal skilles	Dreng   10 	"Jeg er så ked af det, og ved ikke hvad jeg skal gøre?"	30 Marts 2017	"Du bliver nåd til at give det tid, du skal nok få det godt igen. Det er bedre at dine forælder ikke er sammen hvis de ikke vil. Det kunne ende med at de ville skændes med hindedan hele tiden. Og hey, på den lyse side vil du få MANGE flere gaver. Tro mig. c:

Jeg håber at du klare dig!!"	"Bare hold ud. Da mine forældre også er skilt  ved jeg nogenlunde hvordan det er og tro mig alle jeg kender syntes kun det er blevet bedre senere hen da både far og mor general virker gladere i verdagen.

Jeg er 100% sikker på du kommer igennem det her da der kunne ske meget være ting."	"Hej :))

Jeg ved præcis hvordan du har det, da mine forældre også er skilt. I starten vil det nok være hårdt, og svært at vænne sig til. Men tro mig, det kommer med tiden. Hvis du har nogle søskende kan du snakke med dem om det (det har jeg i hvertfald gjort med min søster) og det har helt klart hjulpet mig meget!! Ellers kan du jo snakke med dine forældre om det, jeg er sikker på at de gerne ville hjælpe dig. Men som nogle af de andre har skrevet, er det jo ""godt"" at de er blevet skilt hvis de skændes eller var uvenner førhen. Håber det kunne hjælpe lidt! Du skal tro på dig selv, det hele skal nok gå :)"	"Hej, mine forældre blev også skilt for et år siden og mine lillesøstre havde det også meget svært i starten men bare rolig! Det hele skal nok blive godt igen og måske bedre da dine forældre også vil have det bedre. Håber at det kommer til at gå godt :)"
Slut for farfar.	Pige   13 	"Jeg har en dejlig familie, men jeg har ikke rigtigt kendt min morfar. Han døde af kraft ved juletid, da jeg kun var 4 år gammel."	15-Dec-16	"Kære pige på 13. år.

På trods af at alle mine nærmeste slægtninge lever, kan jeg godt forstå dig.

Mit klare råd til dig er forholdvist simpelt; Tal med nogen du kender og stoler på. Det behøver hverken at være en psykolog, eller dine forældre.

Måske et andet familiemedlem (En Onkel, tante, bedstemor. ovs..)  eller måske en lærer, eller pædagog. (Lærere og pædagoger har i mange tilfælde tavshedpligt.)

Når det så er sagt er der intet galt med at gå til psykolog, jeg nævnte bare nogle alternativer.

Det er ekstremt vigtigt at få talt med nogen om det.

Derudover vil jeg sige at du skal prøve at gøre noget der gør dig glad, melde dig ind i en klub/ forening, det behøver ikke at være en sportsforening, bare et sted hvor du laver noget, og er sammen med nogen der gør dig glad, så du, lidt kynisk sagt kommer på andre tanker end dine forældres skilsmisse, og din farfars sygdom.

Lige til din farfars sygdom: prøv at tænke sådan her:

Han er det bedste sted man kan være når man er syg, og hvis der er en chance for at han overlever, så er det på sygehuset, hvor der ekstremt dygtige læger og sygeplejesker, til at tage sig af ham.

Jeg tror og håber at mine råd kan hjælpe."	null	null	null